<?xml version="1.0" encoding="UTF-8"?>
<project-private xmlns="http://www.netbeans.org/ns/project-private/1">
    <editor-bookmarks xmlns="http://www.netbeans.org/ns/editor-bookmarks/2" lastBookmarkId="0"/>
    <open-files xmlns="http://www.netbeans.org/ns/projectui-open-files/2">
        <group>
            <file>file:/home/aldemir/NetBeansProjects/Jogo_Da_Velha/src/jogo_da_velha/Jogo_Da_Velha.java</file>
            <file>file:/home/aldemir/NetBeansProjects/Jogo_Da_Velha/src/jogo_da_velha/Node.java</file>
            <file>file:/home/aldemir/NetBeansProjects/Jogo_Da_Velha/src/jogo_da_velha/MiniMax.java</file>
        </group>
    </open-files>
</project-private>
