<?xml version="1.0" encoding="UTF-8"?>
<project-private xmlns="http://www.netbeans.org/ns/project-private/1">
    <editor-bookmarks xmlns="http://www.netbeans.org/ns/editor-bookmarks/2" lastBookmarkId="0"/>
    <open-files xmlns="http://www.netbeans.org/ns/projectui-open-files/2">
        <group>
            <file>file:/home/aldemir/NetBeansProjects/Metro_de_paris2/src/metro_de_paris2/Metro_de_paris2.java</file>
            <file>file:/home/aldemir/NetBeansProjects/Metro_de_paris2/src/metro_de_paris2/Node.java</file>
            <file>file:/home/aldemir/NetBeansProjects/Metro_de_paris2/src/metro_de_paris2/Linha.java</file>
        </group>
    </open-files>
</project-private>
