Dia,Aspecto,Temp,Umidade,Vento 
D1,Sol,Quente,Elevada,Fraco
D2,Sol,Quente,Elevada,Forte
D3,Nuvens,Quente,Elevada,Fraco
D4,Chuva,Ameno,Elevada,Fraco
D5,Chuva,Fresco,Normal,Fraco
D6,Chuva,Fresco,Normal,Forte
D7,Nuvens,Fresco,Normal,Fraco
D8,Sol,Ameno,Elevada,Fraco
D9,Sol,Fresco,Normal,Fraco
D10,Chuva,Ameno,Normal,Forte
D11,Sol,Ameno,Normal,Forte
D12,Nuvens,Fresco,Elevada,Fraco
D13,Nuvens,Fresco,Normal,Forte
D14,Chuva,Quente,Elevada,Forte
D15,Chuva,Quente,Elevada,Fraco
D16,Sol,Fresco,Elevada,Forte
D17,Sol,Fresco,Normal,Forte
D18,Nuvens,Quente,Elevada,Forte
D19,Nuvens,Quente,Normal,Forte
D20,Sol,Ameno,Normal,Fraco
D21,Sol,Fresco,Elevada,Fraco
D22,Nuvens,Ameno,Elevada,Forte
D23,Nuvens,Ameno,Elevada,Fraco
D24,Nuvens,Ameno,Normal,Fraco
D25,Sol,Quente,Baixa,Forte
D26,Sol,Ameno,Baixa,Fraco
D27,Chuva,Quente,Normal,Fraco
D28,Sol,Fresco,Baixa,Forte
D29,Sol,Fresco,Baixa,Fraco
D30,Nuvens,Quente,Baixa,Fraco
D31,Nuvens,Quente,Baixa,Forte
D32,Sol,Ameno,Elevada,Forte
D33,Chuva,Quente,Normal,Forte
D34,Chuva,Ameno,Normal,Fraco
D35,Nuvens,Ameno,Normal,Forte
D36,Nuvens,Fresco,Elevada,Forte
D37,Chuva,Fresco,Elevada,Fraco
D38,Chuva,Fresco,Elevada,Forte
D39,Sol,Quente,Baixa,Fraco
D40,Sol,Ameno,Baixa,Forte
D41,Nuvens,Fresco,Baixa,Fraco
D42,Sol,Quente,Normal,Forte
D43,Nuvens,Ameno,Baixa,Fraco
D44,Nuvens,Ameno,Baixa,Forte
D45,Nuvens,Fresco,Baixa,Forte
D46,Chuva,Ameno,Elevada,Forte
D47,Sol,Quente,Normal,Fraco
D48,Nuvens,Quente,Normal,Fraco
