Dia,Aspecto,Temp,Umidade,Vento ,Jogar Bola
D1,Sol,Quente,Elevada,Fraco,N
D2,Sol,Quente,Elevada,Forte,N
D3,Nuvens,Quente,Elevada,Fraco,S
D4,Chuva,Ameno,Elevada,Fraco,N
D5,Chuva,Fresco,Normal,Fraco,S
D6,Chuva,Fresco,Normal,Forte,N
D7,Nuvens,Fresco,Normal,Fraco,S
D8,Sol,Ameno,Elevada,Fraco,S
D9,Sol,Fresco,Normal,Fraco,S
D10,Chuva,Ameno,Normal,Forte,N
D11,Sol,Ameno,Normal,Forte,S
D12,Nuvens,Fresco,Elevada,Fraco,S
D13,Nuvens,Fresco,Normal,Forte,S
D14,Chuva,Quente,Elevada,Forte,N
D15,Chuva,Quente,Elevada,Fraco,N
D16,Sol,Fresco,Elevada,Forte,S
D17,Sol,Fresco,Normal,Forte,S
D18,Nuvens,Quente,Elevada,Forte,N
D19,Nuvens,Quente,Normal,Forte,N
D20,Sol,Ameno,Normal,Fraco,S
D21,Sol,Fresco,Elevada,Fraco,S
D22,Nuvens,Ameno,Elevada,Forte,N
D23,Nuvens,Ameno,Elevada,Fraco,S
D24,Nuvens,Ameno,Normal,Fraco,S
D25,Sol,Quente,Baixa,Forte,N
D26,Sol,Ameno,Baixa,Fraco,S
D27,Chuva,Quente,Normal,Fraco,N
D28,Sol,Fresco,Baixa,Forte,N
